Noble,8141425995
Wiley,5072533295
Jose,5011585105
Venice,6003817326
Carlita,9967679864
Janine,7448995159
Bernardine,4511260852
Nicol,7572449683
Zelma,5141955295
Julianne,9555522218
Naida,9367239283
Carmelita,5730894162
Sabrina,7970885303
Cesar,6642755044
Aurea,6810784681
Racheal,9297154669
Niesha,8432067192
Delois,9889380271
Rosendo,7909467736
Nakia,6224511070
Palma,5836225131
Hyacinth,4235975310
Ermelinda,8193079155
Alysa,6723993772
Robyn,4126241871
Jesusa,9891538410
Sandee,4227862282
Darleen,9087862587
Leoma,7881335180
Berna,6323572463
